Old Path,New Path,Prefix
docs-private/フレームワーク/タスク実行プロトコル.md,docs-private/FW_タスク実行プロトコル.md,FW_
docs-private/フレームワーク/レビューチェックリスト.md,docs-private/FW_レビューチェックリスト.md,FW_
docs-private/フレームワーク/設計判断記録テンプレート.md,docs-private/FW_設計判断記録テンプレート.md,FW_
docs-private/フレームワーク/よくある間違い集テンプレート.md,docs-private/FW_よくある間違い集テンプレート.md,FW_
docs-private/フレームワーク/README.md,docs-private/FW_README.md,FW_
docs-private/フレームワーク/教育資料作成ルール.md,docs-private/FW_教育資料作成ルール.md,FW_
docs-private/フレームワーク/品質ゲート定義.md,docs-private/FW_品質ゲート定義.md,FW_
docs-private/フレームワーク/5段階理解モデル.md,docs-private/FW_5段階理解モデル.md,FW_
docs-private/フレームワーク/ブロッカー報告テンプレート.md,docs-private/FW_ブロッカー報告テンプレート.md,FW_
docs-private/学習/日次ログ/2025-10/20251007_day2_学習ログ.md,docs-private/LOG_20251007_day2_学習ログ.md,LOG_
docs-private/学習/日次ログ/2025-10/20251008_day4_セッションログ.md,docs-private/LOG_20251008_day4_セッションログ.md,LOG_
docs-private/学習/日次ログ/2025-10/20251008_day5_学習ログ.md,docs-private/LOG_20251008_day5_学習ログ.md,LOG_
docs-private/学習/日次ログ/2025-10/20251008_mlp2_base_template_学習ログ.md,docs-private/LOG_20251008_mlp2_base_template_学習ログ.md,LOG_
docs-private/学習/日次ログ/2025-10/20251008_mlp1_crispy設定_学習ログ.md,docs-private/LOG_20251008_mlp1_crispy設定_学習ログ.md,LOG_
docs-private/学習/日次ログ/2025-10/20251009_day6_docs整理_学習ログ.md,docs-private/LOG_20251009_day6_docs整理_学習ログ.md,LOG_
docs-private/学習/日次ログ/2025-10/日報履歴.md,docs-private/LOG_日報履歴.md,LOG_
docs-private/学習/日次ログ/2025-10/20251007_システム設計書類作成_学習ログ.md,docs-private/LOG_20251007_システム設計書類作成_学習ログ.md,LOG_
docs-private/学習/日次ログ/2025-10/20251006_day1_学習ログ.md,docs-private/LOG_20251006_day1_学習ログ.md,LOG_
docs-private/学習/日次ログ/2025-10/20251006_day1.md,docs-private/LOG_20251006_day1.md,LOG_
docs-private/学習/日次ログ/2025-10/20251008_day4_運用ルール改善実装.md,docs-private/LOG_20251008_day4_運用ルール改善実装.md,LOG_
docs-private/学習/日次ログ/2025-10/20251009_day6_学習ログ.md,docs-private/LOG_20251009_day6_学習ログ.md,LOG_
docs-private/学習/日次ログ/2025-10/20251007_mvp9_テストユーザー作成_学習ログ.md,docs-private/LOG_20251007_mvp9_テストユーザー作成_学習ログ.md,LOG_
docs-private/学習/日次ログ/2025-10/20251007_mvp10_サンプルデータ投入_学習ログ.md,docs-private/LOG_20251007_mvp10_サンプルデータ投入_学習ログ.md,LOG_
docs-private/学習/日次ログ/2025-10/20251009_day6_ドキュメントシステム健全性確認_学習ログ.md,docs-private/LOG_20251009_day6_ドキュメントシステム健全性確認_学習ログ.md,LOG_
docs-private/学習/日次ログ/2025-10/20251008_mvp11_admin実装_学習ログ.md,docs-private/LOG_20251008_mvp11_admin実装_学習ログ.md,LOG_
docs-private/学習/日次ログ/2025-10/20251008_mlp4_diaryentryform_学習ログ.md,docs-private/LOG_20251008_mlp4_diaryentryform_学習ログ.md,LOG_
docs-private/学習/日次ログ/2025-10/20251007_mvp11_基本動作テスト_学習ログ.md,docs-private/LOG_20251007_mvp11_基本動作テスト_学習ログ.md,LOG_
docs-private/学習/日次ログ/2025-10/20251008_mlp3_認証システム_学習ログ.md,docs-private/LOG_20251008_mlp3_認証システム_学習ログ.md,LOG_
docs-private/学習/日次ログ/2025-10/20251008_jazzmin実装_学習ログ.md,docs-private/LOG_20251008_jazzmin実装_学習ログ.md,LOG_
docs-private/学習/日報/20251008_第1回日報.md,docs-private/DAILY_20251008_第1回日報.md,DAILY_
docs-private/学習/日報/日報履歴.md,docs-private/DAILY_日報履歴.md,DAILY_
docs-private/学習/日報/日報作成プロトコル.md,docs-private/DAILY_日報作成プロトコル.md,DAILY_
docs-private/学習/日報/20251009_第2回日報.md,docs-private/DAILY_20251009_第2回日報.md,DAILY_
docs-private/学習/テンプレート/学習ログテンプレート.md,docs-private/TMPL_学習ログテンプレート.md,TMPL_
docs-private/設計/アーキテクチャ/ARCHITECTURE.md,docs-private/ARCH_ARCHITECTURE.md,ARCH_
docs-private/設計/アーキテクチャ/システムアーキテクチャ設計書.md,docs-private/ARCH_システムアーキテクチャ設計書.md,ARCH_
docs-private/設計/アーキテクチャ/AWS_デプロイ戦略.md,docs-private/ARCH_AWS_デプロイ戦略.md,ARCH_
docs-private/設計/データモデル/データモデル設計書.md,docs-private/DATA_データモデル設計書.md,DATA_
docs-private/設計/データモデル/school_diary_model_design.md,docs-private/DATA_school_diary_model_design.md,DATA_
docs-private/設計/機能設計/連絡帳管理システム_実装戦略.md,docs-private/FUNC_連絡帳管理システム_実装戦略.md,FUNC_
docs-private/設計/機能設計/機能仕様書.md,docs-private/FUNC_機能仕様書.md,FUNC_
docs-private/設計/テスト/mvp_test_manual.md,docs-private/TEST_mvp_test_manual.md,TEST_
docs-private/設計/テスト/テスト計画書.md,docs-private/TEST_テスト計画書.md,TEST_
docs-private/設計/要件/インターンシップ課題_2026_連絡帳管理システム.md,docs-private/REQ_インターンシップ課題_2026_連絡帳管理システム.md,REQ_
docs-private/設計/要件/要件定義書.md,docs-private/REQ_要件定義書.md,REQ_
docs-private/参考資料/連絡帳管理システム_100時間タスクリスト.md,docs-private/REF_連絡帳管理システム_100時間タスクリスト.md,REF_
docs-private/参考資料/初心者向け学習ロードマップ.md,docs-private/REF_初心者向け学習ロードマップ.md,REF_
docs-private/作業履歴/2025-10/20251008_git履歴クリーンアップ_詳細手順.md,docs-private/WORK_20251008_git履歴クリーンアップ_詳細手順.md,WORK_
docs-private/作業履歴/2025-10/20251008_jazzmin導入_引継ぎ.md,docs-private/WORK_20251008_jazzmin導入_引継ぎ.md,WORK_
docs-private/作業履歴/2025-10/20251009_day6_引継ぎ.md,docs-private/WORK_20251009_day6_引継ぎ.md,WORK_
docs-private/作業履歴/2025-10/20251008_jazzmin実装完了_引継ぎ.md,docs-private/WORK_20251008_jazzmin実装完了_引継ぎ.md,WORK_
docs-private/作業履歴/2025-10/20251008_引継ぎ_MVP11手動テスト.md,docs-private/WORK_20251008_引継ぎ_MVP11手動テスト.md,WORK_
docs-private/作業履歴/2025-10/20251008_運用ルール改善_引継ぎ.md,docs-private/WORK_20251008_運用ルール改善_引継ぎ.md,WORK_
docs-private/作業履歴/2025-10/20251008_git履歴クリーンアップ完了_引継ぎ.md,docs-private/WORK_20251008_git履歴クリーンアップ完了_引継ぎ.md,WORK_
docs-private/archive/プロジェクトテンプレート化ガイド.md,docs-private/ARCH_OLD_プロジェクトテンプレート化ガイド.md,ARCH_OLD_
docs-private/archive/引継ぎメモ_2025-10-06.md,docs-private/ARCH_OLD_引継ぎメモ_2025-10-06.md,ARCH_OLD_
docs-private/archive/引継ぎメモ_2025-10-06_v4_タスクリスト完成.md,docs-private/ARCH_OLD_引継ぎメモ_2025-10-06_v4_タスクリスト完成.md,ARCH_OLD_
docs-private/archive/引継ぎメモ_2025-01-05_誤日付.md,docs-private/ARCH_OLD_引継ぎメモ_2025-01-05_誤日付.md,ARCH_OLD_
docs-private/archive/引継ぎメモ_2025-10-06_v3.md,docs-private/ARCH_OLD_引継ぎメモ_2025-10-06_v3.md,ARCH_OLD_
docs-private/archive/引継ぎメモ_2025-10-06_v2.md,docs-private/ARCH_OLD_引継ぎメモ_2025-10-06_v2.md,ARCH_OLD_
docs-private/archive/情報管理ガイド_AI向け.md,docs-private/ARCH_OLD_情報管理ガイド_AI向け.md,ARCH_OLD_
docs-private/archive/インターンシップ戦略.md,docs-private/ARCH_OLD_インターンシップ戦略.md,ARCH_OLD_
docs-private/archive/インターンシップ最終戦略_2025.md,docs-private/ARCH_OLD_インターンシップ最終戦略_2025.md,ARCH_OLD_
docs-private/archive/README_AI向け.md,docs-private/ARCH_OLD_README_AI向け.md,ARCH_OLD_
docs-private/archive/ドキュメント整合性チェックレポート.md,docs-private/ARCH_OLD_ドキュメント整合性チェックレポート.md,ARCH_OLD_
docs-private/archive/引継ぎメモ_2025-10-05.md,docs-private/ARCH_OLD_引継ぎメモ_2025-10-05.md,ARCH_OLD_
